source;price;price_per_meter;area;rooms;floor;market_type;furnished;description;district;date;url;title
otodom;580 000 zł;12 554 zł/m²;46.2;2;2/3;wtórny;Tak;;ul. Bohaterów Warszawy, Skorosze, Ursus,  mazowieckie;2025-03-30;https://www.otodom.pl/pl/oferta/przytulne-mieszkanie-w-centrum-starego-ursusa-ID4wncv;Przytulne Mieszkanie W Centrum Starego Ursusa
otodom;Zapytaj o cenę;;124.77;5;1/1;pierwotny;Tak;5-pokojowe mieszkanie numer B.4 na 1. piętrze w budynku B w Inwestycji Wiązana Residence Dewelopera Linden Property;ul. Wiązana, Zerzeń, Wawer,  mazowieckie;2025-03-30;https://www.otodom.pl/pl/oferta/5-pokojowe-mieszkanie-124m2-balkon-ID4u8Wy;5-pokojowe mieszkanie 124m2 + balkon
otodom;3 150 000 zł;26 923 zł/m²;117;4;4/4;wtórny;Tak;;Błonia Wilanowskie, Wilanów,  mazowieckie;2025-03-30;https://www.otodom.pl/pl/oferta/wyjatkowy-penthouse-z-tarasem-106-m2-w-wilanowie-ID4webk;Wyjątkowy Penthouse Z Tarasem (106 M2) W Wilanowie
otodom;Zapytaj o cenę;;92.85;4;1/1;pierwotny;Tak;4-pokojowe mieszkanie numer B01.L2 na 1. piętrze w Inwestycji Rokokowa Vita Dewelopera DEVELIA;ul. Rokokowa, Huta, Bielany,  mazowieckie;2025-03-30;https://www.otodom.pl/pl/oferta/4-pokojowe-mieszkanie-92m2-2-balkony-ID4uEDq;4-pokojowe mieszkanie 92m2 + 2 balkony
otodom;Zapytaj o cenę;;78.7;3;2/6;pierwotny;Tak;3-pokojowe mieszkanie numer F1.B.02.05 na 2. piętrze w Inwestycji Splot Wola Dewelopera Matexi Polska;ul. Goleszowska, Odolany, Wola,  mazowieckie;2025-03-30;https://www.otodom.pl/pl/oferta/3-pokojowe-mieszkanie-78m2-loggia-ID4wCbi;3-pokojowe mieszkanie 78m2 + loggia
otodom;849 000 zł;12 653 zł/m²;67.1;3;;wtórny;Tak;;ul. Wyszogrodzka, Bródno, Targówek,  mazowieckie;2025-03-30;https://www.otodom.pl/pl/oferta/wyszogrodzka-3-4-pokoje-67-m2-metro-park-ID4uDYi;Wyszogrodzka 3-4 pokoje 67 m2 Metro Park
otodom;1 679 000 zł;28 948 zł/m²;58;2;;wtórny;Tak;;ul. Chłodna, Mirów, Wola,  mazowieckie;2025-03-30;https://www.otodom.pl/pl/oferta/bezposrednio-apartament-ID4sSKj;Bezpośrednio Apartament
otodom;Zapytaj o cenę;;59.52;3;2/7;pierwotny;Tak;3-pokojowe mieszkanie numer SV/39 na 2. piętrze w Inwestycji Sikorskiego Vita Dewelopera DEVELIA;al. Aleja gen. Władysława Sikorskiego 7, Stegny, Mokotów,  mazowieckie;2025-03-30;https://www.otodom.pl/pl/oferta/3-pokojowe-mieszkanie-59m2-balkon-bez-prowizji-ID4uo5J;3-pokojowe mieszkanie 59m2 + balkon Bez Prowizji
otodom;718 000 zł;17 276 zł/m²;41.56;2;;pierwotny;Tak;;ul. Zapałczana 4, Gocławek, Praga-Południe,  mazowieckie;2025-03-30;https://www.otodom.pl/pl/oferta/nowe-mieszkania-w-kameralnym-budynku-na-goclawku-ID4sSJ5;Nowe Mieszkania w kameralnym budynku na Gocławku
otodom;1 245 000 zł;23 741 zł/m²;52.44;2;;wtórny;Tak;;ul. Szara, Solec, Śródmieście,  mazowieckie;2025-03-30;https://www.otodom.pl/pl/oferta/solec-2-pokoje-z-kominkiem-ID4wbyA;Solec - 2 pokoje z kominkiem
otodom;899 000 zł;18 729 zł/m²;48;2;6/6;wtórny;Tak;;ul. Józefa Sowińskiego, Ulrychów, Wola,  mazowieckie;2025-03-30;https://www.otodom.pl/pl/oferta/2-pok-i-garaz-i-kom-lok-i-park-i-ostatnie-pietro-ID4wtT2;2 Pok I Garaż I Kom Lok I Park I Ostatnie Piętro
otodom;Zapytaj o cenę;;37.49;2;1/8;pierwotny;Tak;2-pokojowe mieszkanie numer M1.11 na 1. piętrze w Inwestycji Home Factory III Dewelopera Mostostal S. A.;ul. Aleksandra Kotsisa, Pelcowizna, Praga-Północ,  mazowieckie;2025-03-30;https://www.otodom.pl/pl/oferta/2-pokojowe-mieszkanie-37m2-loggia-bezposrednio-ID4ulsu;2-pokojowe mieszkanie 37m2 + loggia Bezpośrednio
otodom;870 000 zł;18 163 zł/m²;47.9;2;2/4;wtórny;Tak;;ul. Obrzeżna 12, Służew, Mokotów,  mazowieckie;2025-03-30;https://www.otodom.pl/pl/oferta/miejsce-parkingowe-w-cenie-teren-zamkniety-ID4szCA;Miejsce parkingowe w cenie ! / teren zamknięty
otodom;1 890 000 zł;17 966 zł/m²;105.2;3;4/12;wtórny;Tak;;ul. Łucka, Mirów, Wola,  mazowieckie;2025-03-30;https://www.otodom.pl/pl/oferta/przestronny-apartament-przy-metrze-daszynskiego-ID4w8xV;Przestronny Apartament Przy Metrze Daszyńskiego
otodom;2 599 999 zł;19 125 zł/m²;135.95;5;;wtórny;Tak;;ul. Rakowiecka, Stary Mokotów, Mokotów,  mazowieckie;2025-03-30;https://www.otodom.pl/pl/oferta/kamienica-ostatnie-pietro-swietliki-ID4wiXh;Kamienica / Ostatnie Piętro / Świetliki
otodom;1 099 000 zł;15 847 zł/m²;69.35;3;;wtórny;Tak;;Pelcowizna, Praga-Północ,  mazowieckie;2025-03-30;https://www.otodom.pl/pl/oferta/pelna-infrastruktura-plus-duzo-zieleni-ID4t867;Pełna infrastruktura plus dużo zieleni!
otodom;2 475 000 zł;20 975 zł/m²;118;4;;wtórny;Tak;;Jana Pohoskiego, Ksawerów, Mokotów,  mazowieckie;2025-03-30;https://www.otodom.pl/pl/oferta/przestronny-apartament-118-m-ID4wrwR;Przestronny Apartament 118 M²
otodom;425 000 zł;15 729 zł/m²;27.02;2;4/10;wtórny;Tak;;ul. Teodora Duracza, Słodowiec, Bielany,  mazowieckie;2025-03-30;https://www.otodom.pl/pl/oferta/bielany-przy-metrze-ID4wy27;Bielany, przy metrze !!!!
otodom;630 000 zł;20 455 zł/m²;30.8;2;parter/3;wtórny;Tak;;Mirów, Wola,  mazowieckie;2025-03-30;https://www.otodom.pl/pl/oferta/2-pokojowe-blisko-stacji-metra-onz-ID4wyjx;2 Pokojowe Blisko Stacji Metra Onz
otodom;899 000 zł;18 729 zł/m²;48;2;6/6;wtórny;Tak;;ul. Józefa Sowińskiego, Ulrychów, Wola,  mazowieckie;2025-03-30;https://www.otodom.pl/hpr/pl/oferta/2-pok-i-garaz-i-kom-lok-i-park-i-ostatnie-pietro-ID4wtT2;2 Pok I Garaż I Kom Lok I Park I Ostatnie Piętro
otodom;699 000 zł;18 892 zł/m²;37;2;;wtórny;Tak;;ul. Korczyńska, Sadyba, Mokotów,  mazowieckie;2025-03-30;https://www.otodom.pl/pl/oferta/2-osobne-pokoje-37m2-sadyba-ul-korczynska-lux-ID4wx7b;2 osobne pokoje,37m2,Sadyba,ul. Korczyńska/LUX
otodom;1 980 000 zł;25 194 zł/m²;78.59;3;4/12;wtórny;Tak;;Czyste, Wola,  mazowieckie;2025-03-30;https://www.otodom.pl/pl/oferta/apartament-w-biznesowym-centrum-warszawy-ID4tJU8;Apartament W Biznesowym Centrum Warszawy
otodom;1 082 628 zł;32 068 zł/m²;33.76;1;2/9;pierwotny;Tak;1-pokojowe mieszkenie numer B1.35 położone na 2.piętrze w inwestycji Chmielna Duo;ul. Chmielna, Mirów, Wola,  mazowieckie;2025-03-30;https://www.otodom.pl/pl/oferta/chmielna-duo-mieszkanie-1-pok-b1-35-ID4nYBs;Chmielna Duo | mieszkanie 1-pok. | B1.35
otodom;1 845 000 zł;19 592 zł/m²;94.17;3;parter/5;wtórny;Tak;;Stegny, Mokotów,  mazowieckie;2025-03-30;https://www.otodom.pl/pl/oferta/azurowe-okiennice-ogrod-100m2-taras-40m2-ID4w7im;Ażurowe Okiennice | Ogród 100M2 | Taras 40M2
otodom;835 000 zł;16 835 zł/m²;49.6;3;parter/4;wtórny;Tak;;ul. Sielecka 26, Sielce, Mokotów,  mazowieckie;2025-03-30;https://www.otodom.pl/pl/oferta/taras-lazienki-warszawskie-okazja-ID4tpNx;Taras !/ Łazienki Warszawskie/ OKAZJA!
otodom;1 025 481 zł;17 322 zł/m²;59.2;3;1/3;pierwotny;Tak;3-pokojowe mieszkanie numer EA 0105 na 1. piętrze w budynku E w Inwestycji Spokojny Mokotów Dewelopera YIT Development;Marzycieli, Siekierki, Mokotów,  mazowieckie;2025-03-30;https://www.otodom.pl/pl/oferta/3-pokojowe-mieszkanie-59m2-balkon-ID4ulTq;3-pokojowe mieszkanie 59m2 + balkon
otodom;555 000 zł;18 500 zł/m²;30;1;;wtórny;Tak;;ul. Jagiellońska 56, Nowa Praga, Praga-Północ,  mazowieckie;2025-03-30;https://www.otodom.pl/pl/oferta/rezerwacja-pl-hallera-30m2-do-wprowadzenia-ID4wH3K;REZERWACJA, Pl. Hallera, 30m2, do wprowadzenia
otodom;809 000 zł;17 978 zł/m²;45;2;;wtórny;Tak;;ul. Optyków, Gocław, Praga-Południe,  mazowieckie;2025-03-30;https://www.otodom.pl/pl/oferta/bezposrednio-sloneczny-apartament-park-skandynawia-ID4wrch;BEZPOŚREDNIO Słoneczny apartament Park Skandynawia
otodom;980 000 zł;17 500 zł/m²;56;3;;wtórny;Tak;;ul. Izabelli, Sady Żoliborskie, Żoliborz,  mazowieckie;2025-03-30;https://www.otodom.pl/pl/oferta/ul-izabelli-20-zoliborz-3pok-56m2-ID4wbvo;Ul. Izabelli 20, ŻOLIBORZ - 3pok. - 56m2
otodom;740 000 zł;14 712 zł/m²;50.3;2;3/3;wtórny;Tak;;Okęcie, Włochy,  mazowieckie;2025-03-30;https://www.otodom.pl/pl/oferta/okazja-2-pok-do-zamieszkania-z-wyposazeniem-ID4pa9k;Okazja 2 Pok. Do Zamieszkania| Z Wyposażeniem
otodom;Zapytaj o cenę;;82.24;4;5/5;pierwotny;Tak;4-pokojowe mieszkanie numer M5_16 na 5. piętrze w Inwestycji Orzechowa Dewelopera GH Development;ul. Orzechowa, Raków, Włochy,  mazowieckie;2025-03-30;https://www.otodom.pl/pl/oferta/4-pokojowe-mieszkanie-82m2-balkon-bezposrednio-ID4ui4i;4-pokojowe mieszkanie 82m2 + balkon Bezpośrednio
otodom;770 000 zł;13 648 zł/m²;56.42;3;6/10;wtórny;Tak;;ul. Gąbińska, Słodowiec, Bielany,  mazowieckie;2025-03-30;https://www.otodom.pl/pl/oferta/3-pokojepark-olszynabielanypiwnicagaraz-16-24m-ID4woRI;3 Pokoje*Park Olszyna*Bielany*Piwnica*Garaż 16,24M
otodom;999 000 zł;15 835 zł/m²;63.09;3;;wtórny;Tak;;ul. gen. Meriana C. Coopera, Chrzanów, Bemowo,  mazowieckie;2025-03-30;https://www.otodom.pl/pl/oferta/cicha-okolica-metro-lazurowa-zamkniete-osiedle-ID4uODf;Cicha Okolica / Metro Lazurowa / Zamknięte Osiedle
otodom;995 000 zł;24 875 zł/m²;40;2;;wtórny;Tak;;Danuty Siedzikówny 4, Koło, Wola,  mazowieckie;2025-03-29;https://www.otodom.pl/pl/oferta/mieszkanie-warszawa-wola-ul-danuty-siedzikowny-4-ID4wHae;Mieszkanie Warszawa Wola ul. Danuty Siedzikówny 4
otodom;1 595 000 zł;20 449 zł/m²;78;2;;wtórny;Tak;;ul. abp. Józefa Teodorowicza, Błonia Wilanowskie, Wilanów,  mazowieckie;2025-03-30;https://www.otodom.pl/pl/oferta/apartament-na-sprzedaz-78m2-ID4wkzJ;Apartament na sprzedaż 78m2
otodom;;;;;;;;;;;https://www.otodom.pl/hpr/undefined;
otodom;599 000 zł;13 050 zł/m²;45.9;2;1/10;wtórny;Tak;;ul. Kuflewska, Targówek Mieszkaniowy, Targówek,  mazowieckie;2025-03-30;https://www.otodom.pl/pl/oferta/funkcjonalne-i-przestronne-2-pok-targowek-ID4wogk;Funkcjonalne I Przestronne 2 Pok. - Targówek
otodom;1 200 000 zł;19 624 zł/m²;61.15;3;;wtórny;Tak;;ul. Wólczyńska 69b, Chomiczówka, Bielany,  mazowieckie;2025-03-30;https://www.otodom.pl/pl/oferta/3-pokojowe-mieszkanie-na-bielanach-61-m-garaz-ID4wzbz;3-Pokojowe Mieszkanie na Bielanach – 61 m² + GARAŻ
otodom;773 000 zł;14 986 zł/m²;51.58;2;2/2;wtórny;Tak;;ul. Ruczaj, Powsinek, Wilanów,  mazowieckie;2025-03-30;https://www.otodom.pl/pl/oferta/wilanow-bez-zgielku-i-korkow-ID4tL9R;Wilanów Bez Zgiełku I Korków
otodom;889 440 zł;24 000 zł/m²;37.06;1;parter/3;wtórny;Tak;;ul. Bugaj, Stare Miasto, Śródmieście,  mazowieckie;2025-03-30;https://www.otodom.pl/pl/oferta/starowka-200-m-park-fontann-parking-ID4wlEX;Starówka - 200 m Park Fontann, parking
otodom;399 000 zł;21 000 zł/m²;19;1;7;wtórny;Tak;;Wiktoryn, Raków, Włochy,  mazowieckie;2025-03-30;https://www.otodom.pl/pl/oferta/nowoczesna-kawalerka-w-nowej-inwestycji-2023-ID4wpte;Nowoczesna kawalerka w nowej inwestycji 2023
otodom;Zapytaj o cenę;;70.58;4;2/4;pierwotny;Tak;4-pokojowe mieszkanie numer M202 na 2. piętrze w Inwestycji Vista Wawer Dewelopera GH Development;ul. Tytoniowa, Marysin Wawerski, Wawer,  mazowieckie;2025-03-30;https://www.otodom.pl/pl/oferta/4-pokojowe-mieszkanie-70m2-balkon-bez-prowizji-ID4ujlf;4-pokojowe mieszkanie 70m2 + balkon Bez Prowizji
otodom;718 000 zł;17 276 zł/m²;41.56;2;;pierwotny;Tak;;ul. Zapałczana 4, Gocławek, Praga-Południe,  mazowieckie;2025-03-30;https://www.otodom.pl/pl/oferta/nowe-mieszkania-w-kameralnym-budynku-na-goclawku-ID4sSJ5;Nowe Mieszkania w kameralnym budynku na Gocławku
otodom;2 650 000 zł;28 159 zł/m²;94.11;3;5/5;wtórny;Tak;;ul. Dobra, Powiśle, Śródmieście,  mazowieckie;2025-03-30;https://www.otodom.pl/pl/oferta/dwupoziomowe-mieszkanie-w-kamienicy-z-winda-ID4wF8F;Dwupoziomowe mieszkanie w kamienicy z windą
otodom;1 379 000 zł;23 788 zł/m²;57.97;3;6/6;pierwotny;Tak;3-pokojowe mieszkanie numer AA0608 na 6. piętrze w budynku 1 w Inwestycji NU2 Warszawa Wola Dewelopera Skanska;ul. Zwrotnicza, Czyste, Wola,  mazowieckie;2025-03-30;https://www.otodom.pl/pl/oferta/3-pokojowe-mieszkanie-57m2-loggia-ID4uocw;3-pokojowe mieszkanie 57m2 + loggia
otodom;795 000 zł;15 932 zł/m²;49.9;2;7/7;wtórny;Tak;;ul. Żytnia, Młynów, Wola,  mazowieckie;2025-03-30;https://www.otodom.pl/pl/oferta/mieszkanie-o-powierzchni-rzeczywistej-59-9-m2-ID4q7NO;Mieszkanie o powierzchni rzeczywistej 59,9 m2
otodom;5 090 000 zł;79 531 zł/m²;64;2;> 10/52;wtórny;Tak;;ul. Złota, Śródmieście Północne, Śródmieście,  mazowieckie;2025-03-30;https://www.otodom.pl/pl/oferta/luxury-1-bedroom-apartment-on-zlota-44-ID4w1ND;Luxury 1-bedroom apartment on Złota 44
otodom;860 000 zł;15 926 zł/m²;54;4;;wtórny;Tak;;ul. Marymoncka, Las Bielański, Bielany,  mazowieckie;2025-03-28;https://www.otodom.pl/pl/oferta/4-pokoje-54m2-doskonale-na-wynajem-z-umowami-ID4wxog;4 pokoje 54m2 doskonałe na wynajem z umowami
otodom;619 000 zł;11 408 zł/m²;54.26;3;parter/10;wtórny;Tak;;ul. Poleska, Targówek Mieszkaniowy, Targówek,  mazowieckie;2025-03-30;https://www.otodom.pl/pl/oferta/3-pokoje-targowek-doskonala-lokalizacja-ID4twcY;3 Pokoje Targówek, Doskonała Lokalizacja.
otodom;580 000 zł;15 856 zł/m²;36.58;2;parter/3;wtórny;Tak;;ul. Pawia, Nowolipki, Wola,  mazowieckie;2025-03-30;https://www.otodom.pl/pl/oferta/2-jasne-pokoje-swietna-lokalizacja-muranow-ID4wmc9;2 Jasne Pokoje | Świetna Lokalizacja | Muranów
otodom;2 618 000 zł;28 000 zł/m²;93.5;4;> 10/25;wtórny;Tak;;ul. Marcina Kasprzaka, Czyste, Wola,  mazowieckie;2025-03-30;https://www.otodom.pl/pl/oferta/nowoczesny-apartament-z-niesamowitym-widokiem-ID4wpt8;Nowoczesny apartament z niesamowitym widokiem
otodom;3 900 000 zł;63 934 zł/m²;61;2;> 10/52;wtórny;Tak;;ul. Złota, Śródmieście Północne, Śródmieście,  mazowieckie;2025-03-30;https://www.otodom.pl/pl/oferta/apartament-na-zlotej-44-z-widokiem-na-pkin-ID4wFeX;Apartament na Złotej 44 z widokiem na PkiN
otodom;4 050 000 zł;64 082 zł/m²;63.2;2;> 10/52;wtórny;Tak;;ul. Złota, Śródmieście Północne, Śródmieście,  mazowieckie;2025-03-30;https://www.otodom.pl/pl/oferta/spectacular-apartment-on-42nd-floor-on-zlota-44-ID4wFwj;Spectacular apartment on 42nd floor on Złota 44
otodom;809 000 zł;17 978 zł/m²;45;2;;wtórny;Tak;;ul. Optyków, Gocław, Praga-Południe,  mazowieckie;2025-03-30;https://www.otodom.pl/pl/oferta/bezposrednio-sloneczny-apartament-park-skandynawia-ID4wrch;BEZPOŚREDNIO Słoneczny apartament Park Skandynawia
otodom;980 000 zł;17 500 zł/m²;56;3;;wtórny;Tak;;ul. Izabelli, Sady Żoliborskie, Żoliborz,  mazowieckie;2025-03-30;https://www.otodom.pl/pl/oferta/ul-izabelli-20-zoliborz-3pok-56m2-ID4wbvo;Ul. Izabelli 20, ŻOLIBORZ - 3pok. - 56m2
otodom;770 000 zł;13 648 zł/m²;56.42;3;6/10;wtórny;Tak;;ul. Gąbińska, Słodowiec, Bielany,  mazowieckie;2025-03-30;https://www.otodom.pl/pl/oferta/3-pokojepark-olszynabielanypiwnicagaraz-16-24m-ID4woRI;3 Pokoje*Park Olszyna*Bielany*Piwnica*Garaż 16,24M
otodom;805 000 zł;23 887 zł/m²;33.7;2;;wtórny;Tak;;ul. Waliców 19, Mirów, Wola,  mazowieckie;2025-03-30;https://www.otodom.pl/pl/oferta/warszawa-wola-walicow-krochmalna-ID4wuLZ;Warszawa, Wola, Waliców, Krochmalna
otodom;789 000 zł;12 934 zł/m²;61;3;;wtórny;Tak;;ul. Edwarda Wittiga 4, Tarchomin, Białołęka,  mazowieckie;2025-03-30;https://www.otodom.pl/pl/oferta/3-pokojowe-tarchomin-od-wlasciciela-bez-prowizji-ID4wx5V;3-pokojowe Tarchomin od właściciela bez prowizji
otodom;849 000 zł;16 980 zł/m²;50;3;;wtórny;Tak;;Grochów, Praga-Południe,  mazowieckie;2025-03-30;https://www.otodom.pl/pl/oferta/mieszkanie-na-sprzedaz-praga-poludnie-ID4tOzr;Mieszkanie na sprzedaż Praga - Południe
otodom;680 000 zł;15 596 zł/m²;43.6;2;parter/4;wtórny;Tak;;ul. Wolności, Nowolipki, Wola,  mazowieckie;2025-03-30;https://www.otodom.pl/pl/oferta/2-pok-swietna-lokalizacja-odnowiona-kamienica-ID4wfrX;2 pok | Świetna Lokalizacja | Odnowiona Kamienica
otodom;1 999 000 zł;20 461 zł/m²;97.7;3;8/10;wtórny;Tak;;ul. Zygmunta Słomińskiego, Muranów, Śródmieście,  mazowieckie;2025-03-30;https://www.otodom.pl/pl/oferta/srodmiescie-97-7m2-arkadia3pokojewidokciche-ID4u6l9;Śródmieście 97,7M2* Arkadia*3Pokoje*Widok*Ciche
otodom;899 900 zł;18 107 zł/m²;49.7;2;6;wtórny;Tak;;ul. Radziwie, Młynów, Wola,  mazowieckie;2025-03-30;https://www.otodom.pl/pl/oferta/wola-tower-komfort-i-wygoda-loggia-metro-ID4uu9g;Wola Tower -komfort i wygoda, loggia, metro
otodom;;;;;;;;;;;https://www.otodom.pl/hpr/undefined;
otodom;Zapytaj o cenę;;35.93;2;4/8;pierwotny;Tak;2-pokojowe mieszkanie numer B-159 położone na 4. piętrze w inwestycji ŚwiatoVida;ul. Pałuków, Tarchomin, Białołęka,  mazowieckie;2025-03-30;https://www.otodom.pl/pl/oferta/swiatovida-mieszkanie-2-pok-b-159-ID4wGpD;ŚwiatoVida | mieszkanie 2-pok. | B-159
otodom;600 000 zł;18 530 zł/m²;32.38;1;;wtórny;Tak;;ul. Szczęsna 7, Stare Włochy, Włochy,  mazowieckie;2025-03-30;https://www.otodom.pl/pl/oferta/nowoczesna-kawalerka-z-ogrodkiem-ID4uQMU;Nowoczesna kawalerka z ogródkiem
otodom;684 131,13 zł;13 999 zł/m²;48.87;2;parter/2;wtórny;Tak;;ul. Sosnowiecka, Górce, Bemowo,  mazowieckie;2025-03-30;https://www.otodom.pl/pl/oferta/2-pokojowe-mieszkanie-z-ogrodkiem-ID4uQAj;2-pokojowe mieszkanie z ogródkiem
otodom;1 390 000 zł;29 892 zł/m²;46.5;3;;wtórny;Tak;;ul. Jana Kilińskiego 1, Stare Miasto, Śródmieście,  mazowieckie;2025-03-30;https://www.otodom.pl/pl/oferta/mieszkanie-stare-miasto-obledny-widok-winda-ID4wx3N;Mieszkanie Stare Miasto obłędny widok ! Winda !
otodom;889 440 zł;24 000 zł/m²;37.06;1;parter/3;wtórny;Tak;;ul. Bugaj, Stare Miasto, Śródmieście,  mazowieckie;2025-03-30;https://www.otodom.pl/pl/oferta/starowka-200-m-park-fontann-parking-ID4wlEX;Starówka - 200 m Park Fontann, parking
otodom;Zapytaj o cenę;;33.99;2;5/7;pierwotny;Tak;2-pokojowe mieszkanie numer B1/76 na 5. piętrze w Inwestycji Osiedle Bokserska II Dewelopera Spravia;ul. Bokserska, Wyczółki, Ursynów,  mazowieckie;2025-03-30;https://www.otodom.pl/pl/oferta/2-pokojowe-mieszkanie-33m2-balkon-ID4ulyn;2-pokojowe mieszkanie 33m2 + balkon
otodom;399 000 zł;21 000 zł/m²;19;1;7;wtórny;Tak;;Wiktoryn, Raków, Włochy,  mazowieckie;2025-03-30;https://www.otodom.pl/pl/oferta/nowoczesna-kawalerka-w-nowej-inwestycji-2023-ID4wpte;Nowoczesna kawalerka w nowej inwestycji 2023
otodom;899 900 zł;18 107 zł/m²;49.7;2;6;wtórny;Tak;;ul. Radziwie, Młynów, Wola,  mazowieckie;2025-03-30;https://www.otodom.pl/pl/oferta/wola-tower-komfort-i-wygoda-loggia-metro-ID4uu9g;Wola Tower -komfort i wygoda, loggia, metro
otodom;2 650 000 zł;28 159 zł/m²;94.11;3;5/5;wtórny;Tak;;ul. Dobra, Powiśle, Śródmieście,  mazowieckie;2025-03-30;https://www.otodom.pl/pl/oferta/dwupoziomowe-mieszkanie-w-kamienicy-z-winda-ID4wF8F;Dwupoziomowe mieszkanie w kamienicy z windą
otodom;750 000 zł;19 670 zł/m²;38.13;2;3/4;wtórny;Tak;;ul. Mińska, Grochów, Praga-Południe,  mazowieckie;2025-03-30;https://www.otodom.pl/pl/oferta/przytulne-m2-w-kamienicy-i-garderoba-i-2-balkony-ID4whlr;Przytulne M2 w kamienicy I garderoba I 2 balkony
otodom;5 090 000 zł;79 531 zł/m²;64;2;> 10/52;wtórny;Tak;;ul. Złota, Śródmieście Północne, Śródmieście,  mazowieckie;2025-03-30;https://www.otodom.pl/pl/oferta/luxury-1-bedroom-apartment-on-zlota-44-ID4w1ND;Luxury 1-bedroom apartment on Złota 44
otodom;850 000 zł;16 878 zł/m²;50.36;2;1/2;wtórny;Tak;;ul. Bruzdowa, Zawady, Wilanów,  mazowieckie;2025-03-30;https://www.otodom.pl/pl/oferta/2-pkoje-50-m2-z-duzym-balkonem-ID4wBq5;2 pkoje - 50 m2 - z dużym balkonem
otodom;750 000 zł;25 210 zł/m²;29.75;1;2/6;pierwotny;Tak;1-pokojowe mieszkanie numer AA0201 na 2. piętrze w budynku 1 w Inwestycji NU2 Warszawa Wola Dewelopera Skanska;ul. Zwrotnicza, Czyste, Wola,  mazowieckie;2025-03-30;https://www.otodom.pl/pl/oferta/1-pokojowe-mieszkanie-29m2-balkon-ID4uodi;1-pokojowe mieszkanie 29m2 + balkon
otodom;740 000 zł;12 034 zł/m²;61.49;3;3/4;wtórny;Tak;;ul. Śreniawitów, Tarchomin, Białołęka,  mazowieckie;2025-03-30;https://www.otodom.pl/pl/oferta/58-5m2-3-pokoje-balkon-piwnica-tarchomin-ID4uBc9;58,5m2, 3 pokoje, balkon, piwnica, Tarchomin!!!
otodom;2 618 000 zł;28 000 zł/m²;93.5;4;> 10/25;wtórny;Tak;;ul. Marcina Kasprzaka, Czyste, Wola,  mazowieckie;2025-03-30;https://www.otodom.pl/pl/oferta/nowoczesny-apartament-z-niesamowitym-widokiem-ID4wpt8;Nowoczesny apartament z niesamowitym widokiem
otodom;649 000 zł;16 307 zł/m²;39.8;2;;wtórny;Tak;;ul. Jagiellońska, Pelcowizna, Praga-Północ,  mazowieckie;2025-03-30;https://www.otodom.pl/pl/oferta/ul-jagielonska-76-zeran-40m2-2-pok-ID4wbtN;ul. Jagielonska 76, Żerań, 40m2, 2 pok.
otodom;1 129 000 zł;18 475 zł/m²;61.11;4;8/8;wtórny;Tak;;Bródno, Targówek,  mazowieckie;2025-03-30;https://www.otodom.pl/pl/oferta/bez-prowizji-4-pokoje-61-11m-2016r-metro-ID4tntV;!!!Bez Prowizji!! 4 Pokoje 61,11m² 2016r Metro
otodom;3 900 000 zł;63 934 zł/m²;61;2;> 10/52;wtórny;Tak;;ul. Złota, Śródmieście Północne, Śródmieście,  mazowieckie;2025-03-30;https://www.otodom.pl/pl/oferta/apartament-na-zlotej-44-z-widokiem-na-pkin-ID4wFeX;Apartament na Złotej 44 z widokiem na PkiN
otodom;4 050 000 zł;64 082 zł/m²;63.2;2;> 10/52;wtórny;Tak;;ul. Złota, Śródmieście Północne, Śródmieście,  mazowieckie;2025-03-30;https://www.otodom.pl/pl/oferta/spectacular-apartment-on-42nd-floor-on-zlota-44-ID4wFwj;Spectacular apartment on 42nd floor on Złota 44
otodom;680 000 zł;15 596 zł/m²;43.6;2;parter/4;wtórny;Tak;;ul. Wolności, Nowolipki, Wola,  mazowieckie;2025-03-30;https://www.otodom.pl/pl/oferta/2-pok-swietna-lokalizacja-odnowiona-kamienica-ID4wfrX;2 pok | Świetna Lokalizacja | Odnowiona Kamienica
otodom;Zapytaj o cenę;;43.81;2;1/3;pierwotny;Tak;2-pokojowe mieszkanie numer 169 na 1. piętrze w budynku 3D w Inwestycji Miasteczko Nova Sfera Dewelopera Victoria Dom;ul. Marywilska 19, Żerań, Białołęka,  mazowieckie;2025-03-30;https://www.otodom.pl/pl/oferta/2-pokojowe-mieszkanie-43m2-loggia-ID4upah;2-pokojowe mieszkanie 43m2 + loggia
otodom;600 000 zł;17 143 zł/m²;35;1;;wtórny;Tak;;Brzeziny, Białołęka,  mazowieckie;2025-03-29;https://www.otodom.pl/pl/oferta/idealnie-ergonomiczne-wyposazone-i-klimat-studio-ID4qVEz;Idealnie ergonomiczne, wyposażone i klimat. studio
otodom;;;;;;;;;;;https://www.otodom.pl/hpr/undefined;
otodom;600 000 zł;18 530 zł/m²;32.38;1;;wtórny;Tak;;ul. Szczęsna 7, Stare Włochy, Włochy,  mazowieckie;2025-03-30;https://www.otodom.pl/pl/oferta/nowoczesna-kawalerka-z-ogrodkiem-ID4uQMU;Nowoczesna kawalerka z ogródkiem
otodom;684 131,13 zł;13 999 zł/m²;48.87;2;parter/2;wtórny;Tak;;ul. Sosnowiecka, Górce, Bemowo,  mazowieckie;2025-03-30;https://www.otodom.pl/pl/oferta/2-pokojowe-mieszkanie-z-ogrodkiem-ID4uQAj;2-pokojowe mieszkanie z ogródkiem
otodom;1 390 000 zł;29 892 zł/m²;46.5;3;;wtórny;Tak;;ul. Jana Kilińskiego 1, Stare Miasto, Śródmieście,  mazowieckie;2025-03-30;https://www.otodom.pl/pl/oferta/mieszkanie-stare-miasto-obledny-widok-winda-ID4wx3N;Mieszkanie Stare Miasto obłędny widok ! Winda !
otodom;599 999 zł;14 009 zł/m²;42.83;2;5/6;wtórny;Tak;;Stare Włochy, Włochy,  mazowieckie;2025-03-30;https://www.otodom.pl/pl/oferta/2-pok-43m3-stare-wlochy-duzy-balkon-narozne-ID4ws0z;2 pok. 43m3, Stare Włochy, duży balkon, narożne
otodom;Zapytaj o cenę;;41.01;2;1/8;pierwotny;Tak;2-pokojowe mieszkanie numer A-53 położone na 1. piętrze w inwestycji ŚwiatoVida;ul. Pałuków, Tarchomin, Białołęka,  mazowieckie;2025-03-30;https://www.otodom.pl/pl/oferta/swiatovida-mieszkanie-2-pok-a-53-ID4wGp1;ŚwiatoVida | mieszkanie 2-pok. | A-53
otodom;800 000 zł;16 667 zł/m²;48;2;;wtórny;Tak;;ul. Związku Walki Młodych, Ursynów Północny, Ursynów,  mazowieckie;2025-03-30;https://www.otodom.pl/pl/oferta/sprzedam-mieszkanie-2-pokojowe-ID4wHsl;Sprzedam mieszkanie 2 pokojowe
otodom;1 349 999 zł;15 976 zł/m²;84.5;4;3/4;wtórny;Tak;;ul. Cypryjska, Stegny, Mokotów,  mazowieckie;2025-03-30;https://www.otodom.pl/pl/oferta/4-pok-mokotow-cypryjska-garaz-komorka-ID4sXrx;4 pok. Mokotów Cypryjska, garaż, komórka
otodom;779 999 zł;23 730 zł/m²;32.87;1;1/7;wtórny;Tak;;ul. Mariana Zdziechowskiego, Ksawerów, Mokotów,  mazowieckie;2025-03-30;https://www.otodom.pl/pl/oferta/kawalerka-i-32m-i-holm-house-i-swietna-lokalizacja-ID4wcDw;Kawalerka I 32m I Holm house I świetna lokalizacja
otodom;579 000 zł;11 468 zł/m²;50.49;3;1/2;pierwotny;Tak;3-pokojowe mieszkanie numer 17 na 1. piętrze w Inwestycji Apartamenty Przyjaciół Dewelopera Novisa Development;ul. Inna, Szamocin, Białołęka,  mazowieckie;2025-03-30;https://www.otodom.pl/pl/oferta/3-pokojowe-mieszkanie-50m2-loggia-bez-prowizji-ID4ulRy;3-pokojowe mieszkanie 50m2 + loggia Bez Prowizji
otodom;1 200 000 zł;23 631 zł/m²;50.78;2;1/8;wtórny;Tak;;ul. Marcina Kasprzaka, Odolany, Wola,  mazowieckie;2025-03-30;https://www.otodom.pl/pl/oferta/eleganckie-2-pokoje-blisko-centrum-ID4wwLK;Eleganckie 2 Pokoje, Blisko Centrum
otodom;608 092 zł;13 400 zł/m²;45.38;2;2/3;pierwotny;Tak;;ul. Loteryjki, Wólka Węglowa, Bielany,  mazowieckie;2025-03-30;https://www.otodom.pl/pl/oferta/2pok45-38mkwobok-kampinosunowe-do-odbioru-ID4wEmy;2pok*45.38mkw*obok Kampinosu*nowe do odbioru
otodom;714 978 zł;12 543 zł/m²;57;3;1/2;pierwotny;Tak;;ul. Leona Berensona 131, Grodzisk, Białołęka,  mazowieckie;2025-03-30;https://www.otodom.pl/pl/oferta/3-pokoje-57m2-okazjapromocja-eco-berensona-ID4wmHU;3 pokoje 57m2- Okazja***Promocja ECO Berensona
otodom;1 098 720 zł;10 500 zł/m²;104.64;4;1/1;pierwotny;Tak;4-pokojowe mieszkanie numer 7B na 1. piętrze w Inwestycji Białołęcka 327 Dewelopera MH Construction;ul. Białołęcka, Brzeziny, Białołęka,  mazowieckie;2025-03-30;https://www.otodom.pl/pl/oferta/4-pokojowe-mieszkanie-104m2-balkon-ID4w7Bc;4-pokojowe mieszkanie 104m2 + balkon
otodom;Zapytaj o cenę;;41.86;2;1/4;pierwotny;Tak;2-pokojowe mieszkanie numer M107 na 1. piętrze w Inwestycji Vista Wawer Dewelopera GH Development;ul. Tytoniowa, Marysin Wawerski, Wawer,  mazowieckie;2025-03-30;https://www.otodom.pl/pl/oferta/2-pokojowe-mieszkanie-41m2-balkon-ID4ujiz;2-pokojowe mieszkanie 41m2 + balkon
otodom;990 000 zł;26 330 zł/m²;37.6;2;> 10/12;wtórny;Tak;;ul. Bielańska, Śródmieście Południowe, Śródmieście,  mazowieckie;2025-03-30;https://www.otodom.pl/pl/oferta/mieszkanie-z-niesamowitym-widokiem-pl-bankowy-ID4uEE4;Mieszkanie z niesamowitym widokiem pl. Bankowy
otodom;750 000 zł;25 210 zł/m²;29.75;1;2/6;pierwotny;Tak;1-pokojowe mieszkanie numer AA0201 na 2. piętrze w budynku 1 w Inwestycji NU2 Warszawa Wola Dewelopera Skanska;ul. Zwrotnicza, Czyste, Wola,  mazowieckie;2025-03-30;https://www.otodom.pl/pl/oferta/1-pokojowe-mieszkanie-29m2-balkon-ID4uodi;1-pokojowe mieszkanie 29m2 + balkon
otodom;740 000 zł;12 034 zł/m²;61.49;3;3/4;wtórny;Tak;;ul. Śreniawitów, Tarchomin, Białołęka,  mazowieckie;2025-03-30;https://www.otodom.pl/pl/oferta/58-5m2-3-pokoje-balkon-piwnica-tarchomin-ID4uBc9;58,5m2, 3 pokoje, balkon, piwnica, Tarchomin!!!
otodom;649 000 zł;16 307 zł/m²;39.8;2;;wtórny;Tak;;ul. Jagiellońska, Pelcowizna, Praga-Północ,  mazowieckie;2025-03-30;https://www.otodom.pl/pl/oferta/ul-jagielonska-76-zeran-40m2-2-pok-ID4wbtN;ul. Jagielonska 76, Żerań, 40m2, 2 pok.
otodom;1 129 000 zł;18 475 zł/m²;61.11;4;8/8;wtórny;Tak;;Bródno, Targówek,  mazowieckie;2025-03-30;https://www.otodom.pl/pl/oferta/bez-prowizji-4-pokoje-61-11m-2016r-metro-ID4tntV;!!!Bez Prowizji!! 4 Pokoje 61,11m² 2016r Metro
otodom;1 610 000 zł;20 125 zł/m²;80;3;;wtórny;Tak;;ul. Cybernetyki, Służewiec, Mokotów,  mazowieckie;2025-03-29;https://www.otodom.pl/pl/oferta/apartament-3-pokoje-taras-cybernetyki-bezposrednio-ID4wtfZ;Apartament 3 pokoje Taras Cybernetyki Bezpośrednio
otodom;749 999 zł;14 069 zł/m²;53.31;3;4/10;wtórny;Tak;;ul. Zygmunta Modzelewskiego, Służew, Mokotów,  mazowieckie;2025-03-30;https://www.otodom.pl/pl/oferta/3pokojowe-mieszkanie-53-m-duzy-balkon-mokotow-ID4wjT8;3pokojowe mieszkanie, 53 m², duży balkon – Mokotów
otodom;1 024 000 zł;14 282 zł/m²;71.7;3;1/7;wtórny;Tak;;ul. Skoroszewska, Skorosze, Ursus,  mazowieckie;2025-03-30;https://www.otodom.pl/pl/oferta/sliczny-3-pokojowy-apartament-na-skoroszach-ID4wr46;Śliczny, 3 Pokojowy Apartament Na Skoroszach
otodom;599 999 zł;14 009 zł/m²;42.83;2;5/6;wtórny;Tak;;Stare Włochy, Włochy,  mazowieckie;2025-03-30;https://www.otodom.pl/pl/oferta/2-pok-43m3-stare-wlochy-duzy-balkon-narozne-ID4ws0z;2 pok. 43m3, Stare Włochy, duży balkon, narożne
otodom;1 120 000 zł;21 132 zł/m²;53;2;;wtórny;Tak;;ul. Drawska 27, Szczęśliwice, Ochota,  mazowieckie;2025-03-30;https://www.otodom.pl/pl/oferta/okazja-drawska-53m-przy-parku-2-pok-taras-garaz-ID4wHrw;Okazja! Drawska 53m Przy Parku 2 Pok. Taras Garaż
otodom;Zapytaj o cenę;;41.01;2;1/8;pierwotny;Tak;2-pokojowe mieszkanie numer A-53 położone na 1. piętrze w inwestycji ŚwiatoVida;ul. Pałuków, Tarchomin, Białołęka,  mazowieckie;2025-03-30;https://www.otodom.pl/pl/oferta/swiatovida-mieszkanie-2-pok-a-53-ID4wGp1;ŚwiatoVida | mieszkanie 2-pok. | A-53
otodom;800 000 zł;16 667 zł/m²;48;2;;wtórny;Tak;;ul. Związku Walki Młodych, Ursynów Północny, Ursynów,  mazowieckie;2025-03-30;https://www.otodom.pl/pl/oferta/sprzedam-mieszkanie-2-pokojowe-ID4wHsl;Sprzedam mieszkanie 2 pokojowe
otodom;608 092 zł;13 400 zł/m²;45.38;2;2/3;pierwotny;Tak;;ul. Loteryjki, Wólka Węglowa, Bielany,  mazowieckie;2025-03-30;https://www.otodom.pl/hpr/pl/oferta/2pok45-38mkwobok-kampinosunowe-do-odbioru-ID4wEmy;2pok*45.38mkw*obok Kampinosu*nowe do odbioru
otodom;779 999 zł;23 730 zł/m²;32.87;1;1/7;wtórny;Tak;;ul. Mariana Zdziechowskiego, Ksawerów, Mokotów,  mazowieckie;2025-03-30;https://www.otodom.pl/pl/oferta/kawalerka-i-32m-i-holm-house-i-swietna-lokalizacja-ID4wcDw;Kawalerka I 32m I Holm house I świetna lokalizacja
otodom;999 000 zł;12 808 zł/m²;78;3;5/7;wtórny;Tak;;ul. Ryżowa, Skorosze, Ursus,  mazowieckie;2025-03-30;https://www.otodom.pl/pl/oferta/rodzinne-mieszkanie-78-m-garaz-ID4uG7z;⭐RODZINNE mieszkanie – 78 M² + GARAŻ !!!⭐
otodom;599 000 zł;12 909 zł/m²;46.4;2;5/11;wtórny;Tak;;ul. Aleksandra Kowalskiego, Bródno-Podgrodzie, Targówek,  mazowieckie;2025-03-30;https://www.otodom.pl/pl/oferta/2-pokoje-przy-metrze-od-zaraz-targowek-ID4wHro;2 Pokoje Przy Metrze Od Zaraz| Targówek
otodom;534 600 zł;18 660 zł/m²;28.65;1;parter/7;pierwotny;Tak;1-pokojowe mieszkanie numer BA0005 na parterze w Inwestycji Stilla Dewelopera Skanska;ul. Fajansowa, Raków, Włochy,  mazowieckie;2025-03-30;https://www.otodom.pl/pl/oferta/1-pokojowe-mieszkanie-28m2-ogrodek-bezposrednio-ID4umD0;1-pokojowe mieszkanie 28m2 + ogródek Bezpośrednio
otodom;1 045 000 zł;18 969 zł/m²;55.09;2;;wtórny;Tak;;ul. Kłobucka, Wyczółki, Ursynów,  mazowieckie;2025-03-29;https://www.otodom.pl/pl/oferta/ladne-2-pokoje-z-duzym-tarasem-super-lokalizaja-ID4wi6r;Ładne 2 pokoje z dużym tarasem, SUPER LOKALIZAJA
otodom;608 092 zł;13 400 zł/m²;45.38;2;2/3;pierwotny;Tak;;ul. Loteryjki, Wólka Węglowa, Bielany,  mazowieckie;2025-03-30;https://www.otodom.pl/pl/oferta/2pok45-38mkwobok-kampinosunowe-do-odbioru-ID4wEmy;2pok*45.38mkw*obok Kampinosu*nowe do odbioru
otodom;1 500 000 zł;29 308 zł/m²;51.18;2;parter/4;wtórny;Tak;;ul. Piaseczyńska, Sielce, Mokotów,  mazowieckie;2025-03-30;https://www.otodom.pl/pl/oferta/przy-parku-z-tarasem-od-poludnia-3-m-wysokosci-ID4w2aM;Przy Parku, Z Tarasem Od Południa, 3 M Wysokości
otodom;1 098 720 zł;10 500 zł/m²;104.64;4;1/1;pierwotny;Tak;4-pokojowe mieszkanie numer 7B na 1. piętrze w Inwestycji Białołęcka 327 Dewelopera MH Construction;ul. Białołęcka, Brzeziny, Białołęka,  mazowieckie;2025-03-30;https://www.otodom.pl/pl/oferta/4-pokojowe-mieszkanie-104m2-balkon-ID4w7Bc;4-pokojowe mieszkanie 104m2 + balkon
otodom;1 289 000 zł;22 614 zł/m²;57;3;;wtórny;Tak;;ul. Batalionów Chłopskich, Blizne Łaszczyńskiego, Stare Babice, warszawski zachodni, mazowieckie;2025-03-30;https://www.otodom.pl/pl/oferta/wyjatkowe-mieszkanie-do-zamieszkania-od-zaraz-ID4utJ6;Wyjątkowe mieszkanie - do zamieszkania od zaraz!
otodom;1 143 000 zł;17 865 zł/m²;63.98;3;2/8;pierwotny;Tak;3-pokojowe mieszkanie numer C.02.01 na 2. piętrze w Inwestycji Sokratesa 11A Dewelopera Matexi Polska;ul. Sokratesa, Wawrzyszew, Bielany,  mazowieckie;2025-03-30;https://www.otodom.pl/pl/oferta/3-pokojowe-mieszkanie-63m2-balkon-bez-prowizji-ID4uokt;3-pokojowe mieszkanie 63m2 + balkon Bez Prowizji
otodom;1 470 000 zł;21 000 zł/m²;70;3;2/6;wtórny;Tak;;ul. Jana Kazimierza 64, Odolany, Wola,  mazowieckie;2025-03-30;https://www.otodom.pl/pl/oferta/kawa-na-tarasie-na-jana-kazimierza-wola-prestige-ID4uDFS;Kawa na tarasie na Jana Kazimierza Wola Prestige
otodom;866 379 zł;16 050 zł/m²;53.98;2;;pierwotny;Tak;;Elsnerów, Targówek,  mazowieckie;2025-03-30;https://www.otodom.pl/pl/oferta/wykonczone-2-pok-53m2-z-oddzielna-kuchnia-i-loggia-ID4wHrg;Wykończone 2 pok.53m2 z oddzielną kuchnią i loggią
otodom;620 000 zł;17 614 zł/m²;35.2;1;;wtórny;Tak;;Górce, Bemowo,  mazowieckie;2025-03-30;https://www.otodom.pl/pl/oferta/atrakcyjna-kawalerka-w-poblizu-metra-ID4wrb9;Atrakcyjna kawalerka w pobliżu metra
otodom;1 280 000 zł;36 984 zł/m²;34.61;1;2/6;wtórny;Tak;;ul. Krucza, Śródmieście Południowe, Śródmieście,  mazowieckie;2025-03-30;https://www.otodom.pl/pl/oferta/wyjatkowa-okazja-kawalerka-34-m2-na-kruczej-ID4wHru;Wyjątkowa okazja kawalerka 34 m2 na Kruczej
otodom;740 000 zł;8 277 zł/m²;89.4;3;3/3;wtórny;Tak;;ul. Wyspowa, Zacisze, Targówek,  mazowieckie;2025-03-30;https://www.otodom.pl/pl/oferta/rewelacyjna-oferta-osiedle-zamkniete-2005r-ID4wzHS;Rewelacyjna Oferta, Osiedle Zamknięte, 2005R
otodom;Zapytaj o cenę;;97.52;4;2/5;pierwotny;Tak;4-pokojowe mieszkanie numer AB0206 na 2. piętrze w Inwestycji Osiedle Lumea 6 Dewelopera Bouygues Immobilier Polska;ul. Szeligowska, Chrzanów, Bemowo,  mazowieckie;2025-03-30;https://www.otodom.pl/pl/oferta/4-pokojowe-mieszkanie-97m2-balkon-ID4uin5;4-pokojowe mieszkanie 97m2 + balkon
otodom;849 000 zł;10 747 zł/m²;79;3;3/3;wtórny;Tak;;ul. Pasłęcka, Nowodwory, Białołęka,  mazowieckie;2025-03-30;https://www.otodom.pl/pl/oferta/sprawdztrzy-pokoje-oddzielne-wc-duzy-balkon-ID4uHRZ;✅Sprawdź>>>trzy pokoje/oddzielne WC/duży balkon✅
otodom;795 000 zł;15 680 zł/m²;50.7;2;;wtórny;Tak;;ul. Marynin, Górce, Bemowo,  mazowieckie;2025-03-30;https://www.otodom.pl/pl/oferta/2-oddzielne-pokoje-garaz-piwnica-bemowo-gorce-ID4uyXe;2 oddzielne pokoje, garaż, piwnica, Bemowo - Górce
otodom;1 390 000 zł;15 079 zł/m²;92.18;4;;wtórny;Tak;;ul. Morawska, Zerzeń, Wawer,  mazowieckie;2025-03-30;https://www.otodom.pl/pl/oferta/segment-4-pokoje-garaz-pokoj-zimowy-i-ogrod-ID4w8oL;Segment - 4 pokoje, garaż, pokój zimowy i ogród
otodom;747 000 zł;14 940 zł/m²;50;3;;wtórny;Tak;;Zacisze, Targówek,  mazowieckie;2025-03-30;https://www.otodom.pl/pl/oferta/wyjatkowe-po-remoncie-nowe-wyposazenie-metro-ID4wbr3;Wyjątkowe, po remoncie, nowe wyposażenie, metro
otodom;815 000 zł;20 375 zł/m²;40;2;2/7;wtórny;Tak;;ul. Nowolipki, Nowolipki, Wola,  mazowieckie;2025-03-30;https://www.otodom.pl/pl/oferta/2-pokoje-z-duza-loggia-w-kamienicy-do-wejscia-ID4wu6l;2 Pokoje Z Dużą Loggia W Kamienicy, Do Wejścia
otodom;1 024 000 zł;14 282 zł/m²;71.7;3;1/7;wtórny;Tak;;ul. Skoroszewska, Skorosze, Ursus,  mazowieckie;2025-03-30;https://www.otodom.pl/pl/oferta/sliczny-3-pokojowy-apartament-na-skoroszach-ID4wr46;Śliczny, 3 Pokojowy Apartament Na Skoroszach
otodom;1 074 000 zł;24 977 zł/m²;43;3;;wtórny;Tak;;Mirów, Wola,  mazowieckie;2025-03-30;https://www.otodom.pl/pl/oferta/ul-zlota-w-srodmiesciu-po-generalnym-remoncie-ID4wH8L;ul. Złota w Śródmieściu, po generalnym remoncie
otodom;1 120 000 zł;21 132 zł/m²;53;2;;wtórny;Tak;;ul. Drawska 27, Szczęśliwice, Ochota,  mazowieckie;2025-03-30;https://www.otodom.pl/pl/oferta/okazja-drawska-53m-przy-parku-2-pok-taras-garaz-ID4wHrw;Okazja! Drawska 53m Przy Parku 2 Pok. Taras Garaż
otodom;589 000 zł;14 193 zł/m²;41.5;2;9/11;wtórny;Tak;;ul. Lwa Tołstoja, Wawrzyszew, Bielany,  mazowieckie;2025-03-30;https://www.otodom.pl/pl/oferta/sprawdzbielany-dwa-oddzielne-pokoje-ID4wtyX;✅Sprawdź>>>Bielany - dwa oddzielne pokoje✅
otodom;999 000 zł;12 808 zł/m²;78;3;5/7;wtórny;Tak;;ul. Ryżowa, Skorosze, Ursus,  mazowieckie;2025-03-30;https://www.otodom.pl/pl/oferta/rodzinne-mieszkanie-78-m-garaz-ID4uG7z;⭐RODZINNE mieszkanie – 78 M² + GARAŻ !!!⭐
otodom;599 000 zł;12 909 zł/m²;46.4;2;5/11;wtórny;Tak;;ul. Aleksandra Kowalskiego, Bródno-Podgrodzie, Targówek,  mazowieckie;2025-03-30;https://www.otodom.pl/pl/oferta/2-pokoje-przy-metrze-od-zaraz-targowek-ID4wHro;2 Pokoje Przy Metrze Od Zaraz| Targówek
otodom;2 475 000 zł;20 975 zł/m²;118;4;;wtórny;Tak;;Jana Pohoskiego, Ksawerów, Mokotów,  mazowieckie;2025-03-30;https://www.otodom.pl/pl/oferta/przestronny-apartament-118-m-ID4wrwR;Przestronny Apartament 118 M²
otodom;866 379 zł;16 050 zł/m²;53.98;2;;pierwotny;Tak;;Elsnerów, Targówek,  mazowieckie;2025-03-30;https://www.otodom.pl/pl/oferta/wykonczone-2-pok-53m2-z-oddzielna-kuchnia-i-loggia-ID4wHrg;Wykończone 2 pok.53m2 z oddzielną kuchnią i loggią
otodom;1 470 000 zł;21 000 zł/m²;70;3;2/6;wtórny;Tak;;ul. Jana Kazimierza 64, Odolany, Wola,  mazowieckie;2025-03-30;https://www.otodom.pl/pl/oferta/kawa-na-tarasie-na-jana-kazimierza-wola-prestige-ID4uDFS;Kawa na tarasie na Jana Kazimierza Wola Prestige
otodom;850 000 zł;16 878 zł/m²;50.36;2;1/2;wtórny;Tak;;ul. Bruzdowa, Zawady, Wilanów,  mazowieckie;2025-03-30;https://www.otodom.pl/pl/oferta/2-pkoje-50-m2-z-duzym-balkonem-ID4wBq5;2 pkoje - 50 m2 - z dużym balkonem
otodom;620 000 zł;17 614 zł/m²;35.2;1;;wtórny;Tak;;Górce, Bemowo,  mazowieckie;2025-03-30;https://www.otodom.pl/pl/oferta/atrakcyjna-kawalerka-w-poblizu-metra-ID4wrb9;Atrakcyjna kawalerka w pobliżu metra
otodom;1 280 000 zł;36 984 zł/m²;34.61;1;2/6;wtórny;Tak;;ul. Krucza, Śródmieście Południowe, Śródmieście,  mazowieckie;2025-03-30;https://www.otodom.pl/pl/oferta/wyjatkowa-okazja-kawalerka-34-m2-na-kruczej-ID4wHru;Wyjątkowa okazja kawalerka 34 m2 na Kruczej
otodom;815 000 zł;20 375 zł/m²;40;2;2/7;wtórny;Tak;;ul. Nowolipki, Nowolipki, Wola,  mazowieckie;2025-03-30;https://www.otodom.pl/hpr/pl/oferta/2-pokoje-z-duza-loggia-w-kamienicy-do-wejscia-ID4wu6l;2 Pokoje Z Dużą Loggia W Kamienicy, Do Wejścia
otodom;849 000 zł;10 747 zł/m²;79;3;3/3;wtórny;Tak;;ul. Pasłęcka, Nowodwory, Białołęka,  mazowieckie;2025-03-30;https://www.otodom.pl/pl/oferta/sprawdztrzy-pokoje-oddzielne-wc-duzy-balkon-ID4uHRZ;✅Sprawdź>>>trzy pokoje/oddzielne WC/duży balkon✅
otodom;795 000 zł;15 680 zł/m²;50.7;2;;wtórny;Tak;;ul. Marynin, Górce, Bemowo,  mazowieckie;2025-03-30;https://www.otodom.pl/pl/oferta/2-oddzielne-pokoje-garaz-piwnica-bemowo-gorce-ID4uyXe;2 oddzielne pokoje, garaż, piwnica, Bemowo - Górce
otodom;Zapytaj o cenę;;57.6;3;1/6;pierwotny;Tak;3-pokojowe mieszkanie numer 2 na 1. piętrze w budynku 1 w Inwestycji Neo Nova Ochota Dewelopera Victoria Dom;ul. Łopuszańska, Raków, Włochy,  mazowieckie;2025-03-30;https://www.otodom.pl/pl/oferta/3-pokojowe-mieszkanie-57m2-balkon-bezposrednio-ID4up3v;3-pokojowe mieszkanie 57m2 + balkon Bezpośrednio
otodom;1 390 000 zł;15 079 zł/m²;92.18;4;;wtórny;Tak;;ul. Morawska, Zerzeń, Wawer,  mazowieckie;2025-03-30;https://www.otodom.pl/pl/oferta/segment-4-pokoje-garaz-pokoj-zimowy-i-ogrod-ID4w8oL;Segment - 4 pokoje, garaż, pokój zimowy i ogród
otodom;747 000 zł;14 940 zł/m²;50;3;;wtórny;Tak;;Zacisze, Targówek,  mazowieckie;2025-03-30;https://www.otodom.pl/pl/oferta/wyjatkowe-po-remoncie-nowe-wyposazenie-metro-ID4wbr3;Wyjątkowe, po remoncie, nowe wyposażenie, metro
otodom;815 000 zł;20 375 zł/m²;40;2;2/7;wtórny;Tak;;ul. Nowolipki, Nowolipki, Wola,  mazowieckie;2025-03-30;https://www.otodom.pl/pl/oferta/2-pokoje-z-duza-loggia-w-kamienicy-do-wejscia-ID4wu6l;2 Pokoje Z Dużą Loggia W Kamienicy, Do Wejścia
otodom;1 740 000 zł;22 510 zł/m²;77.3;3;;wtórny;Tak;;ul. gen. Tadeusza Bora-Komorowskiego 56, Gocław, Praga-Południe,  mazowieckie;2025-03-29;https://www.otodom.pl/pl/oferta/osiedle-saska-apartament-3-lub-4-pokoje-prywatnie-ID4wxHy;OSIEDLE SASKA Apartament 3 lub 4 pokoje PRYWATNIE
otodom;620 000 zł;16 316 zł/m²;38;2;3/11;wtórny;Tak;;al. Aleja Jerzego Waszyngtona, Saska Kępa, Praga-Południe,  mazowieckie;2025-03-30;https://www.otodom.pl/pl/oferta/2-pokoje-oddzielna-kuchnia-po-generanym-remoncie-ID4wHqX;2 pokoje/oddzielna kuchnia/po generanym remoncie/
otodom;499 000 zł;18 413 zł/m²;27.1;1;;wtórny;Tak;;"al. Aleja ""Solidarności"" 159, Ulrychów, Wola,  mazowieckie";2025-03-30;https://www.otodom.pl/pl/oferta/bezposr-kawalarka-27m-ul-solidarnosci-zelazna-ID4wraw;bezpośr. kawalarka 27m ul.Solidarności / Żelazna
otodom;;;;;;;;;;;https://www.otodom.pl/hpr/undefined;
otodom;549 000 zł;16 147 zł/m²;34;1;;wtórny;Tak;;ul. Komorska, Gocławek, Praga-Południe,  mazowieckie;2025-03-30;https://www.otodom.pl/pl/oferta/kawalerka-z-potencjalem-praga-poludnie-ID4wHqe;Kawalerka z potencjałem Praga-Południe
otodom;595 000 zł;14 875 zł/m²;40;2;3/4;wtórny;Tak;;ul. Kawcza, Gocławek, Praga-Południe,  mazowieckie;2025-03-30;https://www.otodom.pl/pl/oferta/2-pokoje-miejsce-postojowe-naziemne-40m2-ID4t3nz;2 Pokoje | Miejsce Postojowe Naziemne | 40M2
otodom;495 000 zł;19 024 zł/m²;26.02;1;;wtórny;Tak;;ul. Marywilska, Żerań, Białołęka,  mazowieckie;2025-03-30;https://www.otodom.pl/pl/oferta/wyremontowane-wyjatkowa-kawalerka-na-bialolece-ID4tpov;WYREMONTOWANE - Wyjątkowa kawalerka na Białołece
otodom;589 000 zł;14 193 zł/m²;41.5;2;9/11;wtórny;Tak;;ul. Lwa Tołstoja, Wawrzyszew, Bielany,  mazowieckie;2025-03-30;https://www.otodom.pl/pl/oferta/sprawdzbielany-dwa-oddzielne-pokoje-ID4wtyX;✅Sprawdź>>>Bielany - dwa oddzielne pokoje✅
otodom;499 900 zł;25 518 zł/m²;19.59;1;;wtórny;Tak;;Śródmieście Południowe, Śródmieście,  mazowieckie;2025-03-30;https://www.otodom.pl/pl/oferta/kawalerka-w-kamienicy-idealna-na-wynajem-ID4w4KW;# KAWALERKA w Kamienicy # IDEALNA NA WYNAJEM #
otodom;695 000 zł;26 079 zł/m²;26.65;1;;wtórny;Tak;;ul. Sokratesa 11a, Huta, Bielany,  mazowieckie;2025-03-30;https://www.otodom.pl/pl/oferta/wyjatkowa-kawalerka-na-bielanach-ID4tWtS;Wyjątkowa kawalerka na Bielanach
otodom;620 000 zł;16 316 zł/m²;38;2;3/11;wtórny;Tak;;al. Aleja Jerzego Waszyngtona, Saska Kępa, Praga-Południe,  mazowieckie;2025-03-30;https://www.otodom.pl/pl/oferta/2-pokoje-oddzielna-kuchnia-po-generanym-remoncie-ID4wHqX;2 pokoje/oddzielna kuchnia/po generanym remoncie/
otodom;550 000 zł;14 323 zł/m²;38.4;2;;wtórny;Tak;;ul. Popradzka, Falenica, Wawer,  mazowieckie;2025-03-30;https://www.otodom.pl/pl/oferta/sprzedam-mieszkanie-38-m-wawer-falenica-2-pokoe-ID4wvyT;Sprzedam mieszkanie 38 m Wawer Falenica 2 pokoe
otodom;600 000 zł;15 000 zł/m²;40;2;;wtórny;Tak;;Skorosze, Ursus,  mazowieckie;2025-03-29;https://www.otodom.pl/pl/oferta/besposrednio-jasne-2-pokojowe-z-garazem-skorosze-ID4wGJT;Bespośrednio, jasne 2-pokojowe z garażem, Skorosze
otodom;799 000 zł;6 914 zł/m²;115.56;5;;pierwotny;Tak;;Groszówka, Wesoła,  mazowieckie;2025-03-28;https://www.otodom.pl/pl/oferta/segment-115m2-swietna-lokalizacja-450m-do-skm-ID4wxq1;Segment 115m2. Świetna lokalizacja-450m do SKM
otodom;549 000 zł;16 147 zł/m²;34;1;;wtórny;Tak;;ul. Komorska, Gocławek, Praga-Południe,  mazowieckie;2025-03-30;https://www.otodom.pl/pl/oferta/kawalerka-z-potencjalem-praga-poludnie-ID4wHqe;Kawalerka z potencjałem Praga-Południe
otodom;495 000 zł;19 024 zł/m²;26.02;1;;wtórny;Tak;;ul. Marywilska, Żerań, Białołęka,  mazowieckie;2025-03-30;https://www.otodom.pl/pl/oferta/wyremontowane-wyjatkowa-kawalerka-na-bialolece-ID4tpov;WYREMONTOWANE - Wyjątkowa kawalerka na Białołece
otodom;667 440 zł;18 000 zł/m²;37.08;2;;wtórny;Tak;;ul. Kajetana Garbińskiego 3, Ulrychów, Wola,  mazowieckie;2025-03-30;https://www.otodom.pl/pl/oferta/bezposrednio-2-pokoje-os-kuchnia-przy-metrze-ID4wr9Y;bezposrednio 2 pokoje, os kuchnia, przy metrze
otodom;1 690 000 zł;23 472 zł/m²;72;3;;wtórny;Tak;;ul. Kazimierza Jeżewskiego, Kabaty, Ursynów,  mazowieckie;2025-03-30;https://www.otodom.pl/pl/oferta/kabaty-3-pokoje-bezposrednio-wysoki-standard-ID4wHqV;Kabaty - 3 pokoje - bezpośrednio - wysoki standard
otodom;1 440 000 zł;19 541 zł/m²;73.69;3;4/7;wtórny;Tak;;ul. Śródziemnomorska, Stegny, Mokotów,  mazowieckie;2025-03-30;https://www.otodom.pl/pl/oferta/sprzedaz-z-opcja-wynajecia-juz-dzisiaj-ID4pGKo;Sprzedaż Z Opcja Wynajęcia Już Dzisiaj
otodom;1 390 000 zł;14 479 zł/m²;96;4;;wtórny;Tak;;ul. Trzcinowa, Nowe Włochy, Włochy,  mazowieckie;2025-03-30;https://www.otodom.pl/pl/oferta/przestronne-dwupoziomowe-mieszkanie-bezposrednio-ID4wkTC;Przestronne, dwupoziomowe mieszkanie-bezpośrednio!
otodom;495 000 zł;19 024 zł/m²;26.02;1;;wtórny;Tak;;ul. Marywilska, Żerań, Białołęka,  mazowieckie;2025-03-30;https://www.otodom.pl/hpr/pl/oferta/wyremontowane-wyjatkowa-kawalerka-na-bialolece-ID4tpov;WYREMONTOWANE - Wyjątkowa kawalerka na Białołece
otodom;863 730 zł;10 500 zł/m²;82.26;4;;pierwotny;Tak;4-pokojowe mieszkanie numer 26 na 2. piętrze w Inwestycji Jeziorowa House Dewelopera Jeziorowa House;ul. Jeziorowa, Zerzeń, Wawer,  mazowieckie;2025-03-30;https://www.otodom.pl/pl/oferta/4-pokojowe-mieszkanie-82m2-balkon-bezposrednio-ID4u9Ah;4-pokojowe mieszkanie 82m2 + balkon Bezpośrednio
otodom;Zapytaj o cenę;;65.19;3;5/5;pierwotny;Tak;3-pokojowe mieszkanie numer 36 na 5. piętrze w Inwestycji Apartamenty Nowy Marysin V Dewelopera APM Development;ul. Goździków, Marysin Wawerski, Wawer,  mazowieckie;2025-03-30;https://www.otodom.pl/pl/oferta/3-pokojowe-mieszkanie-65m2-balkon-ID4ull7;3-pokojowe mieszkanie 65m2 + balkon
otodom;Zapytaj o cenę;;41.84;2;3/3;pierwotny;Tak;2-pokojowe mieszkanie numer 138 na 3. piętrze w budynku 3C w Inwestycji Miasteczko Nova Sfera Dewelopera Victoria Dom;ul. Marywilska 19, Żerań, Białołęka,  mazowieckie;2025-03-30;https://www.otodom.pl/pl/oferta/2-pokojowe-mieszkanie-41m2-loggia-bez-prowizji-ID4upa9;2-pokojowe mieszkanie 41m2 + loggia Bez Prowizji
otodom;765 000 zł;21 133 zł/m²;36.2;2;;wtórny;Tak;;ul. Stanisława Herbsta, Ursynów Północny, Ursynów,  mazowieckie;2025-03-30;https://www.otodom.pl/pl/oferta/na-sprzedaz-kawalerka-100-metrow-od-metra-stoklosy-ID4wHq8;Na sprzedaż Kawalerka 100 metrów od metra Stokłosy
otodom;999 819 zł;23 333 zł/m²;42.85;2;;wtórny;Tak;;ul. Powązkowska 42, Sady Żoliborskie, Żoliborz,  mazowieckie;2025-03-30;https://www.otodom.pl/pl/oferta/zoliborz-artystyczny-bez-posrednika-garaz-loggia-ID4wqUz;Żoliborz Artystyczny bez pośrednika garaż loggia
otodom;741 000 zł;19 989 zł/m²;37.07;2;parter/10;wtórny;Tak;;ul. Meksykańska, Saska Kępa, Praga-Południe,  mazowieckie;2025-03-30;https://www.otodom.pl/pl/oferta/meksykanska-2-pokoje-ID4wfSG;Meksykańska - 2 pokoje
otodom;1 446 000 zł;30 000 zł/m²;48.2;2;1/4;wtórny;Tak;;ul. Ludwika Narbutta, Stary Mokotów, Mokotów,  mazowieckie;2025-03-30;https://www.otodom.pl/pl/oferta/narbutta-kamienica-ID4wlwV;Narbutta - kamienica
otodom;750 000 zł;14 626 zł/m²;51.28;2;;wtórny;Tak;;ul. Nieporęcka, Szmulowizna, Praga-Północ,  mazowieckie;2025-03-30;https://www.otodom.pl/pl/oferta/2-pokojowe-mieszkanie-przy-koneserze-ID4wF22;2-pokojowe mieszkanie przy Koneserze
otodom;Zapytaj o cenę;;36;2;4/8;pierwotny;Tak;2-pokojowe mieszkanie numer 89 na 4. piętrze w Inwestycji Comfort City - Koral Dewelopera BARC Warszawa;ul. Winorośli, Nowodwory, Białołęka,  mazowieckie;2025-03-30;https://www.otodom.pl/pl/oferta/2-pokojowe-mieszkanie-36m2-balkon-bez-prowizji-ID4uC6U;2-pokojowe mieszkanie 36m2 + balkon Bez Prowizji
otodom;Zapytaj o cenę;;47.93;2;2/10;pierwotny;Tak;2-pokojowe mieszkanie numer 1/281 na 2. piętrze w Inwestycji Krakowska Vita Dewelopera DEVELIA;al. Aleja Krakowska, Raków, Włochy,  mazowieckie;2025-03-30;https://www.otodom.pl/pl/oferta/2-pokojowe-mieszkanie-47m2-loggia-bez-prowizji-ID4umeY;2-pokojowe mieszkanie 47m2 + loggia Bez Prowizji
otodom;1 099 000 zł;22 324 zł/m²;49.23;2;8/14;wtórny;Tak;;ul. Tamka, Śródmieście Północne, Śródmieście,  mazowieckie;2025-03-30;https://www.otodom.pl/pl/oferta/panorama-warszawy-centrum-warszawy-okazja-ID4wgnW;Panorama Warszawy - Centrum Warszawy - okazja !
otodom;742 900 zł;15 100 zł/m²;49.2;3;2/10;wtórny;Tak;;ul. Wrzeciono, Wrzeciono, Bielany,  mazowieckie;2025-03-30;https://www.otodom.pl/pl/oferta/przytulne-mieszkanie-metro-mlociny-las-bielanski-ID4tE0O;Przytulne mieszkanie|Metro Młociny|Las Bielański
otodom;680 000 zł;15 011 zł/m²;45.3;3;7/7;wtórny;Tak;;ul. Edwarda Habicha, Szamoty, Ursus,  mazowieckie;2025-03-30;https://www.otodom.pl/pl/oferta/ursus-3-pokoje-45-3m2-3-pokoje-ID4wHqc;Ursus/3 Pokoje/45,3M2/3 Pokoje
otodom;990 000 zł;20 638 zł/m²;47.97;2;1/3;wtórny;Tak;;ul. Stanisława Kostki Potockiego, Wilanów Królewski, Wilanów,  mazowieckie;2025-03-30;https://www.otodom.pl/pl/oferta/2-pokoje-z-garazem-i-komorka-blisko-palacu-wilanow-ID4qwkn;2 Pokoje Z Garażem I Komórką Blisko Pałacu Wilanów
otodom;1 390 000 zł;14 479 zł/m²;96;4;;wtórny;Tak;;ul. Trzcinowa, Nowe Włochy, Włochy,  mazowieckie;2025-03-30;https://www.otodom.pl/pl/oferta/przestronne-dwupoziomowe-mieszkanie-bezposrednio-ID4wkTC;Przestronne, dwupoziomowe mieszkanie-bezpośrednio!
otodom;990 000 zł;20 204 zł/m²;49;2;;wtórny;Tak;;ul. Jana Kazimierza, Odolany, Wola,  mazowieckie;2025-03-30;https://www.otodom.pl/pl/oferta/klimado-wprowadzeniakomfortowebez-prowizji-ID4spaw;⭐⭐KLIMA⭐Do Wprowadzenia⭐Komfortowe⭐BEZ PROWIZJI⭐⭐
otodom;525 000 zł;20 192 zł/m²;26;1;;wtórny;Tak;;ul. Niska, Nowolipki, Wola,  mazowieckie;2025-03-30;https://www.otodom.pl/pl/oferta/ciche-centrum-ul-niska-21-bezposrednio-ID4wjDm;Ciche Centrum ul. Niska 21 BEZPOŚREDNIO
otodom;621 936 zł;12 600 zł/m²;49.36;2;1/2;pierwotny;Tak;2-pokojowe mieszkanie numer C1.19 na 1. piętrze w budynku C1 w Inwestycji Miasteczko Brzeziny II Dewelopera NAPOLLO;ul. Mariana Hemara, Brzeziny, Białołęka,  mazowieckie;2025-03-30;https://www.otodom.pl/hpr/pl/oferta/2-pokojowe-mieszkanie-49m2-balkon-bezposrednio-ID4uw04;2-pokojowe mieszkanie 49m2 + balkon Bezpośrednio
otodom;1 099 000 zł;22 324 zł/m²;49.23;2;8/14;wtórny;Tak;;ul. Tamka, Śródmieście Północne, Śródmieście,  mazowieckie;2025-03-30;https://www.otodom.pl/pl/oferta/panorama-warszawy-centrum-warszawy-okazja-ID4wgnW;Panorama Warszawy - Centrum Warszawy - okazja !
otodom;695 000 zł;15 308 zł/m²;45.4;2;;wtórny;Tak;;ul. Stanisława Szobera, Jelonki Północne, Bemowo,  mazowieckie;2025-03-30;https://www.otodom.pl/pl/oferta/mieszkanie-2-pokoje-szobera-wolne-od-zaraz-ID4wHoz;Mieszkanie 2 pokoje Szobera wolne od zaraz
otodom;Zapytaj o cenę;;44.94;2;1/2;pierwotny;Tak;2-pokojowe mieszkanie numer 1-B23 na 1. piętrze w budynku B w Inwestycji Aura Mokotów I Dewelopera Mill-Yon;ul. Bluszczańska, Siekierki, Mokotów,  mazowieckie;2025-03-30;https://www.otodom.pl/pl/oferta/2-pokojowe-mieszkanie-44m2-balkon-bezposrednio-ID4ug2n;2-pokojowe mieszkanie 44m2 + balkon Bezpośrednio
otodom;Zapytaj o cenę;;92.58;4;parter/1;pierwotny;Tak;4-pokojowe mieszkanie numer B02.L1 na parterze w Inwestycji Rokokowa Vita Dewelopera DEVELIA;ul. Rokokowa, Huta, Bielany,  mazowieckie;2025-03-30;https://www.otodom.pl/pl/oferta/4-pokojowe-mieszkanie-92m2-ogrodek-bezposrednio-ID4uEDC;4-pokojowe mieszkanie 92m2 + ogródek Bezpośrednio
otodom;742 900 zł;15 100 zł/m²;49.2;3;2/10;wtórny;Tak;;ul. Wrzeciono, Wrzeciono, Bielany,  mazowieckie;2025-03-30;https://www.otodom.pl/pl/oferta/przytulne-mieszkanie-metro-mlociny-las-bielanski-ID4tE0O;Przytulne mieszkanie|Metro Młociny|Las Bielański
otodom;699 000 zł;21 508 zł/m²;32.5;2;;wtórny;Tak;;ul. Grodkowska, Górce, Bemowo,  mazowieckie;2025-03-29;https://www.otodom.pl/pl/oferta/okazjarezydencja-grodkowskawola-park-metro-ID4w9NU;‼️OKAZJA‼️Rezydencja GRODKOWSKA*Wola/Park-METRO ‼️
otodom;600 000 zł;15 000 zł/m²;40;2;;wtórny;Tak;;Skorosze, Ursus,  mazowieckie;2025-03-29;https://www.otodom.pl/pl/oferta/besposrednio-jasne-2-pokojowe-z-garazem-skorosze-ID4wGJT;Bespośrednio, jasne 2-pokojowe z garażem, Skorosze
otodom;621 936 zł;12 600 zł/m²;49.36;2;1/2;pierwotny;Tak;2-pokojowe mieszkanie numer C1.19 na 1. piętrze w budynku C1 w Inwestycji Miasteczko Brzeziny II Dewelopera NAPOLLO;ul. Mariana Hemara, Brzeziny, Białołęka,  mazowieckie;2025-03-30;https://www.otodom.pl/pl/oferta/2-pokojowe-mieszkanie-49m2-balkon-bezposrednio-ID4uw04;2-pokojowe mieszkanie 49m2 + balkon Bezpośrednio
otodom;2 325 000 zł;22 877 zł/m²;101.63;4;;wtórny;Tak;;al. Aleja Rzeczypospolitej, Błonia Wilanowskie, Wilanów,  mazowieckie;2025-03-30;https://www.otodom.pl/pl/oferta/przestronny-apartament-idealny-dla-rodziny-ID4wbkj;Przestronny apartament idealny dla rodziny
otodom;825 000 zł;17 990 zł/m²;45.86;2;;wtórny;Tak;;ul. Batalionów Chłopskich, Blizne Łaszczyńskiego, Stare Babice, warszawski zachodni, mazowieckie;2025-03-30;https://www.otodom.pl/pl/oferta/bemowo-mieszkanie-z-ogrodkiem-ID4tHSs;Bemowo, Mieszkanie z ogródkiem
otodom;1 540 000 zł;18 118 zł/m²;85;3;1/4;wtórny;Tak;;Błonia Wilanowskie, Wilanów,  mazowieckie;2025-03-30;https://www.otodom.pl/pl/oferta/do-zamieszkania-85m2-3-pokoje-wilanow-ID4wHoY;Do zamieszkania, 85m2, 3 pokoje, Wilanów
otodom;;;;;;;;;;;https://www.otodom.pl/hpr/undefined;
otodom;1 175 000 zł;17 755 zł/m²;66.18;3;;wtórny;Tak;;ul. Juliusza Ordona, Odolany, Wola,  mazowieckie;2025-03-30;https://www.otodom.pl/pl/oferta/mieszkanie-3-pok-66m2-ordona-12-bezposrednio-ID4wHod;Mieszkanie 3 pok. 66m2 Ordona 12 Bezpośrednio
otodom;850 000 zł;21 250 zł/m²;40;2;parter/6;wtórny;Tak;;ul. Stanisława Worcella 5, Odolany, Wola,  mazowieckie;2025-03-30;https://www.otodom.pl/pl/oferta/40m2-z-duzym-ogrodkiem-wysoki-standard-parking-ID4uCuN;40m2 z dużym ogródkiem / wysoki standard + parking
otodom;850 000 zł;15 483 zł/m²;54.9;3;;wtórny;Tak;;ul. Krzyżówki, Żerań, Białołęka,  mazowieckie;2025-03-30;https://www.otodom.pl/pl/oferta/nowoczesne-3-pokojowe-mieszkanie-z-duzym-tarasem-ID4wmTQ;Nowoczesne 3-pokojowe mieszkanie z dużym tarasem
otodom;399 000 zł;19 950 zł/m²;20;1;;wtórny;Tak;;ul. Czerniakowska, Czerniaków, Mokotów,  mazowieckie;2025-03-30;https://www.otodom.pl/pl/oferta/kawalerka-20-m2-mokotow-ID4wHoV;Kawalerka 20 m2 Mokotów
otodom;Zapytaj o cenę;;80.25;4;1/3;pierwotny;Tak;4-pokojowe mieszkanie numer 174 na 1. piętrze w budynku 3D w Inwestycji Miasteczko Nova Sfera Dewelopera Victoria Dom;ul. Marywilska 19, Żerań, Białołęka,  mazowieckie;2025-03-30;https://www.otodom.pl/pl/oferta/4-pokojowe-mieszkanie-80m2-2-loggie-bez-prowizji-ID4upam;4-pokojowe mieszkanie 80m2 + 2 loggie Bez Prowizji
otodom;780 000 zł;14 391 zł/m²;54.2;2;;wtórny;Tak;;ul. Skarbka z Gór, Grodzisk, Białołęka,  mazowieckie;2025-03-30;https://www.otodom.pl/pl/oferta/2-pokojowe-mieszkanie-54-2-m2-ID4wHoR;2-pokojowe mieszkanie 54,2 m2
otodom;1 580 000 zł;27 719 zł/m²;57;2;;wtórny;Tak;;Muranów, Śródmieście,  mazowieckie;2025-03-30;https://www.otodom.pl/pl/oferta/apartament-babka-tower-dwa-pokoje-parking-ID4wDDi;Apartament Babka Tower, dwa pokoje, parking
otodom;2 790 000 zł;37 703 zł/m²;74;3;;wtórny;Tak;;ul. Polna, Śródmieście Południowe, Śródmieście,  mazowieckie;2025-03-30;https://www.otodom.pl/pl/oferta/srodmiescie-pld-kamienica-1925r-ul-polna-44-74m-ID4wjpX;Śródmieście Płd. Kamienica 1925r. ul.Polna 44 74m
otodom;700 000 zł;20 927 zł/m²;33.45;1;parter/3;wtórny;Tak;;ul. Kazimierzowska, Stary Mokotów, Mokotów,  mazowieckie;2025-03-30;https://www.otodom.pl/pl/oferta/stary-mokotow-na-gabinet-biuro-lub-mieszkanie-ID4wmYh;"Stary Mokotów; Na Gabinet, Biuro Lub Mieszkanie"
otodom;2 600 000 zł;26 804 zł/m²;97;4;;wtórny;Tak;;ul. Bartłomieja 2, Służew, Mokotów,  mazowieckie;2025-03-30;https://www.otodom.pl/pl/oferta/apartament-premium-w-kameralnej-inwestycji-ID4wvMN;Apartament PREMIUM w kameralnej inwestycji
otodom;779 000 zł;12 983 zł/m²;60;3;;wtórny;Tak;;Grabów, Ursynów,  mazowieckie;2025-03-30;https://www.otodom.pl/pl/oferta/metro-imielin-wszystko-w-zasiegu-reki-dobra-cena-ID4wzAb;Metro Imielin wszystko w zasięgu ręki dobra cena
otodom;699 000 zł;13 866 zł/m²;50.41;3;3/10;wtórny;Tak;;Okęcie, Włochy,  mazowieckie;2025-03-30;https://www.otodom.pl/pl/oferta/wlochy-ochota-ul-1-sierpnia-3-pokoje-50-41m2-ID4woNj;Włochy/Ochota - ul. 1 Sierpnia 3 pokoje 50,41m2
otodom;690 000 zł;12 661 zł/m²;54.5;4;;wtórny;Tak;;ul. św. Hieronima, Bródno, Targówek,  mazowieckie;2025-03-30;https://www.otodom.pl/pl/oferta/super-mieszkanie-4-pok-piekna-okolica-ID4wHoC;SUPER MIESZKANIE 4 pok . Piękna okolica
otodom;Zapytaj o cenę;;59.52;3;1/7;pierwotny;Tak;3-pokojowe mieszkanie numer SV/35 na 1. piętrze w Inwestycji Sikorskiego Vita Dewelopera DEVELIA;al. Aleja gen. Władysława Sikorskiego 7, Stegny, Mokotów,  mazowieckie;2025-03-30;https://www.otodom.pl/pl/oferta/3-pokojowe-mieszkanie-59m2-balkon-bez-prowizji-ID4uo5s;3-pokojowe mieszkanie 59m2 + balkon Bez Prowizji
otodom;749 000 zł;5 992 zł/m²;125;4;;pierwotny;Tak;;Zakręt, Wiązowna, otwocki, mazowieckie;2025-03-30;https://www.otodom.pl/pl/oferta/bezczynszowe-2-mp-w-cenie-ogrodek-ID4wvwl;Bezczynszowe, 2 mp w cenie, ogródek
otodom;949 000 zł;16 222 zł/m²;58.5;4;;wtórny;Tak;;ul. 1 Praskiego Pułku WP, Grochów, Praga-Południe,  mazowieckie;2025-03-30;https://www.otodom.pl/pl/oferta/4-pokoje-po-remoncie-grochow-10min-od-centrum-ID4wuCD;4 pokoje po remoncie, Grochów 10min od centrum
otodom;990 000 zł;15 517 zł/m²;63.8;3;;wtórny;Tak;;ul. Batalionów Chłopskich, Chrzanów, Bemowo,  mazowieckie;2025-03-30;https://www.otodom.pl/pl/oferta/mieszkanie-warszawa-batalionow-chlopskich-ID4uf7u;Mieszkanie – Warszawa Batalionów Chłopskich
otodom;1 285 000 zł;17 483 zł/m²;73.5;4;7/14;wtórny;Tak;;ul. Pejzażowa 2, Ksawerów, Mokotów,  mazowieckie;2025-03-30;https://www.otodom.pl/pl/oferta/74m2-4-pokoje-2-balkony-2-lazienki-basen-metro-ID4uCJn;74m2 - 4 pokoje/2 balkony/2 łazienki/Basen/Metro!
otodom;2 000 000 zł;18 182 zł/m²;110;5;2/5;wtórny;Tak;;ul. Przy Bażantarni, Kabaty, Ursynów,  mazowieckie;2025-03-30;https://www.otodom.pl/pl/oferta/5-pokoi-kuchnia-balkon-garaz-komorka-ID4wuIw;5 Pokoi + Kuchnia, Balkon, Garaż, Komórka
otodom;700 000 zł;15 067 zł/m²;46.46;2;;wtórny;Tak;;ul. Niska, Muranów, Śródmieście,  mazowieckie;2025-03-30;https://www.otodom.pl/pl/oferta/wola-muranow-w-atrakcyjnej-cenie-2-pokoje-46-5-ID4suef;Wola, Muranów w atrakcyjnej cenie 2 pokoje, 46,5
otodom;628 000 zł;16 973 zł/m²;37;2;;wtórny;Tak;;ul. Dymińska, Stary Żoliborz, Żoliborz,  mazowieckie;2025-03-30;https://www.otodom.pl/pl/oferta/metro-zielona-okolica-dwa-pokoje-ID4wkOZ;Metro - zielona okolica - dwa pokoje
otodom;1 124 760 zł;19 500 zł/m²;57.68;3;parter/4;wtórny;Tak;;ul. Międzynarodowa 31a, Saska Kępa, Praga-Południe,  mazowieckie;2025-03-30;https://www.otodom.pl/pl/oferta/sloneczne-3-pok-40-m2-ogrodek-saska-kepa-ID4wG4v;Słoneczne 3 pok. | 40 m2 ogródek | Saska Kępa
otodom;960 000 zł;21 818 zł/m²;44;2;2/3;wtórny;Tak;;Młynów, Wola,  mazowieckie;2025-03-30;https://www.otodom.pl/pl/oferta/wola-ul-zytnia-2-pokoje-44m2-piwnica-sauna-ID4wHp9;Wola ul. Żytnia/2 pokoje/44m2/ piwnica/sauna
otodom;890 000 zł;16 481 zł/m²;54;3;;wtórny;Tak;;ul. Międzynarodowa, Saska Kępa, Praga-Południe,  mazowieckie;2025-03-30;https://www.otodom.pl/pl/oferta/mieszkanie-do-wprowadzenia-trzy-oddzielne-pokoje-ID4wgew;Mieszkanie do wprowadzenia. Trzy oddzielne pokoje
otodom;615 000 zł;14 403 zł/m²;42.7;2;;wtórny;Tak;;ul. Władysława Broniewskiego, Sady Żoliborskie, Żoliborz,  mazowieckie;2025-03-30;https://www.otodom.pl/pl/oferta/2-pok-przy-uczelniach-tramwaj-do-centrum-metro-ID4tOEf;2 pok. przy uczelniach, tramwaj do centrum, metro
otodom;3 049 000 zł;46 714 zł/m²;65.27;3;2/5;wtórny;Tak;;Śródmieście Południowe, Śródmieście,  mazowieckie;2025-03-30;https://www.otodom.pl/pl/oferta/65m2-do-wprowadzenia-kamienica-ul-piekna-ID4wmxz;65m2, do wprowadzenia, kamienica, ul.Piękna
